,time,n_clusters,m,num_iters,term_threshold,limit,calinski,davies,silhouette,ARI,AMI,homo,compl,v-measure
0,3.1730706691741943,9,2,100,1e-06,10,71.81196568788104,2.079852233860108,0.04323646776405313,0.011681622222940181,0.04245516523681243,0.0353082306751019,0.09807595313863972,0.051923523135774044
1,3.321688413619995,10,2,100,1e-06,10,57.69707806662736,1.8187226848405857,-0.05979094075042665,0.01741254534236191,0.037979624215228096,0.03263857576803627,0.0816553615960273,0.04663615179918204
2,4.0316596031188965,11,2,100,1e-06,10,45.59025697923881,1.7162335668788806,-0.11326074120612663,0.012102128521486158,0.026493718556665234,0.023817874806293084,0.07974007461888065,0.03667973583600691
3,3.9032161235809326,12,2,100,1e-06,10,35.15661134362675,1.912215312275145,-0.09241699855517477,0.01410185465765427,0.05152823504803703,0.04902155214273987,0.12012668735095651,0.06962882599708028
4,4.771790981292725,13,2,100,1e-06,10,46.808655115619764,2.008061504298536,-0.08117937407766615,0.031047252604794073,0.09315835164293584,0.08395935810638824,0.1529402474143148,0.10840680779787876
