,time,n_clusters,m,num_iters,term_threshold,limit,calinski,davies,silhouette,ARI,AMI,homo,compl,v-measure
0,0.7969021797180176,2,2,100,1e-06,10,361.05200379955505,1.98328970143908,0.17468372683130864,0.013091578213269884,0.01331963332346417,0.011613735630019226,0.017882984743416788,0.014082125365554095
1,1.10601806640625,3,2,100,1e-06,10,194.90002054341252,2.793807300031185,0.09245665724399353,0.015647837263443723,0.016268905448225,0.01571268108836386,0.020233822716203054,0.017688930487743226
2,1.7174403667449951,4,2,100,1e-06,10,122.21976030597763,2.1364137776824195,-0.033106500712684554,0.013443545580852301,0.015216206103064454,0.014928599565308958,0.022042604772535706,0.017801163144080444
3,2.086421489715576,5,2,100,1e-06,10,182.10797986864634,2.354484737985272,0.04807396632008171,0.012824083603416915,0.014113557040351348,0.01316772829132656,0.019696264319957617,0.015783539144924204
4,2.6609206199645996,6,2,100,1e-06,10,99.61683885785709,1.704132079915335,-0.10225867354089321,0.014859349260682355,0.013387222148134903,0.014473565166243409,0.01872816985229715,0.016328266378267908
