,time,n_clusters,m,num_iters,term_threshold,limit,calinski,davies,silhouette,ARI,AMI,homo,compl,v-measure
0,0.12548136711120605,2,2,100,1e-06,10,239.42844197665545,0.6339566969668631,0.5653839587789065,0.5399218294207123,0.6538380713762781,0.5223224641010155,0.8835142349190769,0.6565191143081123
1,0.38396215438842773,3,2,100,1e-06,10,235.98181057019508,0.8337932125857082,0.4497202122514745,0.676454462051257,0.696651444510195,0.6988761267138517,0.701950455694194,0.7004099176605743
2,0.6631944179534912,4,2,100,1e-06,10,166.13698317559155,1.2055118969479295,0.27257795837113963,0.64952223992995,0.6546514003890711,0.7099202371263814,0.6179509710480753,0.6607506770209164
3,0.8099968433380127,5,2,100,1e-06,10,128.9726732729142,1.2251124310209995,0.21476678430184093,0.6475688774464271,0.6398471095211975,0.7242064066731643,0.5870590940615004,0.6484605242445285
4,0.9717581272125244,6,2,100,1e-06,10,102.35895135769464,1.7298207338008715,0.23355266122885007,0.6316650907194375,0.6245361477494038,0.7295491230788833,0.5632544457307088,0.6357064551291363
5,1.147157907485962,7,2,100,1e-06,10,119.59888037916697,1.5340157950293698,0.14342780306944639,0.46330197474362234,0.5506622709154099,0.7210781003869372,0.4640479547619964,0.5646906778472152
6,1.3145205974578857,8,2,100,1e-06,10,105.07822381386404,2.2853825579132474,0.1517398368699894,0.46231584353176913,0.534331771662035,0.726760622882309,0.443933239816195,0.5511828637134815
7,1.4712131023406982,9,2,100,1e-06,10,104.5252641194116,2.2910441223767153,0.15597058707721143,0.45642647038578554,0.5383847329408608,0.7309434922538273,0.44737552961195753,0.5550385352273758
8,1.6248924732208252,10,2,100,1e-06,10,81.67590665456991,2.052940409891903,0.09945840999379708,0.45080908980658907,0.5231525844378022,0.7372326964267651,0.43240234604052746,0.5450950697240786
