,time,n_clusters,m,num_iters,term_threshold,limit,calinski,davies,silhouette,ARI,AMI,homo,compl,v-measure
0,31.050716638565063,8,2,100,1e-06,10,699.9264590726423,4.495187717286499,-0.042040348394991385,0.1451573352693911,0.3180599456607162,0.21478065071443372,0.6196496271949825,0.31899309904558
1,41.5642192363739,9,2,100,1e-06,10,1098.4495286826054,1.8926618561507194,-0.01894988488461375,0.14137807347495526,0.30568600485494696,0.20111586299447567,0.6420821723174974,0.3062931951714606
2,52.363083600997925,10,2,100,1e-06,10,1089.3096040105052,1.8683172163604538,-0.050239999592448,0.14182932564207362,0.3051903791815506,0.2003498018309613,0.6448537013142085,0.3057164594976204
3,93.4982042312622,11,2,100,1e-06,10,819.7758843904386,4.804839415472843,-0.032507006040573605,0.14202867944105618,0.3051808830981645,0.20115884072143347,0.6383977653834918,0.3059218484373344
4,96.96341729164124,12,2,100,1e-06,10,1101.017382297128,1.8449043811209993,-0.035381994595475634,0.14252095348303268,0.3077441470347747,0.20271089827259875,0.6437919586633968,0.308335985335488
