,time,c,m,num_iters,term_threshold,limit,calinski,davies,silhouette,ARI,AMI,homo,compl,v-measure
0,0.6473031044006348,2,2,100,1e-06,10,360.96389070768055,1.9834966189911567,0.17480012650386265,0.01274398606471115,0.012899505634297896,0.011267295027095475,0.017350454517275418,0.013662338444694154
1,0.8676862716674805,3,2,100,1e-06,10,181.44845238891617,2.3117932386706412,0.0527303680554736,0.013037773719645882,0.013169141439682777,0.012364936797653448,0.018682121997517828,0.014880846476915673
2,1.2067384719848633,4,2,100,1e-06,10,182.10797986864634,2.354484737985271,0.04807396632008171,0.012824083603416915,0.01411355704035135,0.01316772829132656,0.019696264319957617,0.015783539144924204
3,1.4351673126220703,5,2,100,1e-06,10,123.38329111890212,2.265517673751709,-0.057764338924417444,0.01362687157675024,0.01341994565919926,0.01348969194309303,0.019444159658681452,0.015928639447309413
4,1.931835651397705,6,2,100,1e-06,10,181.23777042345182,2.022425299242734,0.04613630390240546,0.013080981998450938,0.013782722304266472,0.012832753293955704,0.019498206905557383,0.015478394538822863
