,time,n_clusters,m,num_iters,term_threshold,limit,calinski,davies,silhouette,ARI,AMI,homo,compl,v-measure
0,5.011600494384766,2,2,100,1e-06,10,2373.578375433974,2.0768245737837243,0.1785129120772582,0.10679674107805472,0.22360050482345611,0.14540889008249921,0.4857041454786871,0.22381315777996624
1,7.828096866607666,3,2,100,1e-06,10,1793.1698943502925,1.784317881900239,0.126975667236254,0.14707358696228848,0.32008673731559706,0.21602721292761137,0.620254023116329,0.32044662045704086
2,12.121591806411743,4,2,100,1e-06,10,1184.008598593615,1.8808577792827796,-0.019778081034265312,0.1440510133505799,0.32224755535212063,0.21712786662557296,0.6288298756090626,0.322797422482955
3,15.16046690940857,5,2,100,1e-06,10,1635.2842811705796,1.8598010140847414,0.03414870652997397,0.14184969564841035,0.3047619363538106,0.20007129043297284,0.6426676137829489,0.30514632270041764
4,19.13284397125244,6,2,100,1e-06,10,902.0217781066034,1.8130820131731027,-0.06509049839127866,0.14284728508050512,0.32287047900039206,0.21827196856377484,0.6251569610431669,0.32357021619315357
