,time,n_clusters,m,num_iters,term_threshold,limit,calinski,davies,silhouette,ARI,AMI,homo,compl,v-measure
0,0.47968482971191406,2,2,100,1e-06,10,119.99281474987332,2.7978804950599763,0.11015831798301273,0.010098559716379314,0.01885623129434254,0.014232588569141644,0.04923797151742909,0.02208216816208486
1,0.831803560256958,3,2,100,1e-06,10,91.49453752673475,2.1430450642285317,0.08006757843132384,0.012199343682281493,0.028991177157070273,0.023234529277360687,0.07831838269969806,0.03583729349292809
2,1.0312423706054688,4,2,100,1e-06,10,67.02493204986571,2.339471087244302,0.005518933977901234,0.01299960020963251,0.034258622985480124,0.029343393229516495,0.08603715610185803,0.043761658589358335
3,1.5419163703918457,5,2,100,1e-06,10,62.12752242825844,2.1958705392083875,-0.01678961996299278,0.01320057615805143,0.032314335165846114,0.02758676331956535,0.09013463835928048,0.04224419519053191
4,1.6286695003509521,6,2,100,1e-06,10,40.712874232908526,1.7821844386271444,-0.08983914292113383,0.012103403865970192,0.03306001005009973,0.031057119094660003,0.09011380353483917,0.04619384036567456
