,time,n_clusters,m,num_iters,term_threshold,limit,calinski,davies,silhouette,ARI,AMI,homo,compl,v-measure
0,13.629495620727539,7,2,100,1e-06,10,894.7394969120375,4.070150586143101,-0.02627076724254424,0.1463255281473838,0.320511669268418,0.21874313103707205,0.604424211290219,0.32123151066327704
1,15.534758806228638,8,2,100,1e-06,10,829.0602971820822,6.544802427984683,-0.02795077403750652,0.14272800814405262,0.3070380562976515,0.20352356550010964,0.6315071955763967,0.30783679374156037
2,19.687567234039307,9,2,100,1e-06,10,1083.8262743702392,1.958783966996575,-0.019849117018036724,0.14144248797415976,0.3040346234392966,0.19918195175371978,0.6476245699822973,0.30466257059118473
3,21.94090962409973,10,2,100,1e-06,10,1090.7415161345582,1.9114328132779734,-0.01591664260779437,0.14164115835479676,0.30447989681651644,0.20003676436410883,0.6425327592834658,0.30509096414640374
4,24.30643606185913,11,2,100,1e-06,10,1087.5448900941692,1.9907786154326768,-0.004646881281258772,0.14156082357343047,0.3042016493410196,0.19967514696180758,0.6438612659319443,0.30481930817174974
5,29.52604389190674,12,2,100,1e-06,10,818.4091348609022,2.610230151960869,0.0056129480738375615,0.14116158316785193,0.3046251576630503,0.19997079295853612,0.6459324787651608,0.3053957451024799
6,29.9842791557312,13,2,100,1e-06,10,1107.0600603800249,1.85589302958596,-0.021547823610077,0.14223509031102588,0.30649523596051625,0.20284635944304777,0.6316418730093921,0.3070774384324117
7,34.37351751327515,14,2,100,1e-06,10,827.030756633204,2.633580440151934,-0.039030153735227516,0.14179738104780368,0.30516901351785464,0.20188264061233313,0.6317977664489283,0.3059901620413423
8,34.994274377822876,15,2,100,1e-06,10,1640.0782658971561,1.8842532638006722,0.03680729667714533,0.1417771430395064,0.3048879701012576,0.20052950411518755,0.639066619739568,0.30526989992420234
