,time,c,m,num_iters,term_threshold,limit,calinski,davies,silhouette,ARI,AMI,homo,compl,v-measure
0,1.4042437076568604,7,2,100,1e-06,10,48.104761571203134,2.305206907274373,-0.06785170065926993,0.01209672480912878,0.03178889735483744,0.028699420711522643,0.08833252513693349,0.043323082138592775
1,1.635596752166748,8,2,100,1e-06,10,47.47205608384666,1.8151331082317606,-0.03075849418141127,0.014511987810767176,0.06812662605932589,0.060216366176253804,0.14304760362334168,0.08475488192926059
2,1.855071783065796,9,2,100,1e-06,10,44.08117396051756,1.9483336427097477,-0.07726003964302278,0.013587601526316844,0.043854293586424196,0.03960951850034222,0.11712605589906841,0.05919915368011964
3,2.1661784648895264,10,2,100,1e-06,10,47.0062488906628,2.136078590851515,-0.07058517575919411,0.012339931355441753,0.028891573211460683,0.027449531744694937,0.08691767669254215,0.041722615392092634
4,2.2789409160614014,11,2,100,1e-06,10,34.13540249408303,2.6299971407433316,-0.09178902275099603,0.012126079968244401,0.0416709406784022,0.04372369480572989,0.10740670732176463,0.06214789380449651
