,n_clusters,time,inertia,calinski,davies,silhouette,ARI,AMI,homo,compl,v-measure
0,2,1.98923659324646,6338.298523118572,363.5933111645586,1.9755327247530161,0.17919597017867236,0.01858562325349368,0.01608442378319917,0.013842681162693162,0.021518977883987437,0.016847645604062555
1,3,5.340479373931885,5660.415223186768,291.45253517940364,1.9614235257156099,0.15162621370343954,0.021441511444910515,0.018366117165674198,0.0195322105875894,0.01971689715566728,0.01962411935056035
2,4,5.23111629486084,5284.393831547901,242.82921457196827,2.1963503022195185,0.12605787344947644,0.015112682015048553,0.02404835968839436,0.029345530133107835,0.022833633903949494,0.025683243652613
3,5,6.758257865905762,5042.495586014097,208.33442462895306,2.2702523576083986,0.1202697199074305,0.030341244402110418,0.03727399183483734,0.048566706935901024,0.032948636270298155,0.039261486211971806
4,6,7.648377895355225,4827.742158621589,187.01423269976905,2.287247431220679,0.12463687662772087,0.01928633764670214,0.03283962316707528,0.04686847476752441,0.02812737099077139,0.03515626670326449
5,7,8.59285831451416,4646.711269901479,171.32534755048584,2.1936351455815877,0.11292166855193876,0.028880788700681954,0.043619101896120276,0.064412702560034,0.03608048499804048,0.04625271831600523
6,8,10.357464075088501,4494.148219037966,158.83649182005897,2.121302431529325,0.11563345039611293,0.02739721459246219,0.045781125895775404,0.07091501262543277,0.037101124552417236,0.04871543798535216
7,9,10.65576720237732,4368.86908800448,148.1173069886745,2.1057762058551215,0.10299712878791276,0.02491015872567975,0.04368734806400704,0.07122606682693615,0.034971921256366036,0.046910726755357984
8,10,13.800832033157349,4256.466378105327,139.33701985697698,2.0688625266274245,0.10028905043514606,0.024074231620850227,0.04591094288811278,0.07757960018855693,0.03624944154502749,0.04941124232080703
