,time,n_clusters,n_iter,epsilon,limit,verbose,calinski,davies,silhouette,ARI,AMI,homo,compl,v-measure
0,1.3716189861297607,9,100,1e-06,10,True,103.1745614885579,1.9410043754514785,0.13099539790152978,0.08757244443258737,0.2295322856489248,0.227405925270491,0.2632233600566462,0.24400725165264975
1,1.281944990158081,10,100,1e-06,10,True,105.36636435771888,1.8266424639743684,0.12229374445453589,0.11135110349707189,0.28878731395230617,0.29262387338144175,0.314566826338092,0.3031988573042319
2,0.897040605545044,11,100,1e-06,10,True,100.21016131807835,1.856628234221098,0.1394458285328722,0.10677933399289812,0.27939786087331236,0.28970135169558603,0.3015015286094468,0.29548367670798903
3,1.1869266033172607,12,100,1e-06,10,True,91.73413988794194,2.110314128380788,0.12248288340629598,0.10845640674542649,0.273128399504642,0.2924204250396841,0.28855011934305375,0.2904723806030344
4,1.3637661933898926,13,100,1e-06,10,True,87.23050573678948,1.9998260198476836,0.12191537705364122,0.11373797303946051,0.28291479348511106,0.30573282729474055,0.2978337169559687,0.3017315827592537
