,time,n_clusters,n_iter,epsilon,limit,verbose,calinski,davies,silhouette,ARI,AMI,homo,compl,v-measure
0,6.611933708190918,8,100,1e-06,10,True,2168.448991321489,1.4915577913065436,0.2462584292958462,0.4675277639381913,0.6182136422045719,0.5747178309234907,0.6700334905140167,0.6187263073070678
1,8.261912107467651,9,100,1e-06,10,True,2045.9558541249337,1.6063275012167417,0.2040241765472105,0.46216479758027273,0.6075785091156535,0.5868966924831449,0.6310180979693734,0.6081582020325559
2,12.55823016166687,10,100,1e-06,10,True,2186.4520015899316,1.4757270594034368,0.24113247580496275,0.4931171806980595,0.6501054177351585,0.6403742769508837,0.6613139816177542,0.6506757052286168
3,14.170185565948486,11,100,1e-06,10,True,2008.9537296228914,1.6294095271084488,0.22187114019739826,0.5459952688748904,0.6590002548159115,0.6715202581274272,0.6480901818691258,0.6595972160082993
4,30.14415431022644,12,100,1e-06,10,True,2102.7681303140403,1.5022424114564183,0.2531993616150223,0.5958056366624471,0.691399979373991,0.7106474250347737,0.6742859629627627,0.6919893584332194
