,time,n_clusters,n_iter,epsilon,limit,verbose,calinski,davies,silhouette,ARI,AMI,homo,compl,v-measure
0,0.1398162841796875,2,100,1e-06,10,True,176.82119188356947,2.794762881964148,0.1241024353362224,0.01637525398582236,0.028302619143384673,0.023841657813346396,0.03719428058407682,0.02905741546972236
1,0.3092188835144043,3,100,1e-06,10,True,139.93928777522433,2.458137493010175,0.11587960548380946,0.004871863081410847,0.03513176883617507,0.0343657192091715,0.03877597777703923,0.03643788479772435
2,0.37963247299194336,4,100,1e-06,10,True,123.62297195297323,2.6746971260127137,0.08682331290205428,0.006783085569475945,0.028552368155876764,0.033010763649155415,0.02792876273974948,0.03025785858365533
3,0.39163923263549805,5,100,1e-06,10,True,149.0001983753192,2.551448347353034,0.10722715746223299,0.021248679033154173,0.039781824799691314,0.05016780626209127,0.03586632589236475,0.04182839632695681
