,n_clusters,time,inertia,calinski,davies,silhouette,ARI,AMI,homo,compl,v-measure
0,7,38.74798607826233,75507.9618373987,2688.5481341526715,1.3264427005011334,0.2891986710559051,0.4621754692089301,0.624532482874963,0.5668207595700154,0.6964262856696184,0.6249749448697821
1,8,63.721755504608154,71178.13909197183,2550.306138767582,1.3022980818658967,0.2884212170185032,0.44401254081804453,0.620640095495505,0.5748045773946057,0.6756277603879904,0.6211514490652962
2,9,65.06127166748047,67178.32943163722,2439.919030520829,1.2734613485287143,0.29534079007651476,0.4762266251909377,0.6484684641957265,0.6135726591280348,0.6887662451304232,0.6489987132541901
3,10,86.13770818710327,63580.933642925884,2341.1725901780137,1.3387835598769056,0.27554936186428475,0.540740812980956,0.6809259877336794,0.6666588421340919,0.6969108345969105,0.6814492548366256
4,11,105.35761141777039,60331.72214950453,2288.056119253734,1.4090111505464005,0.27112216857944343,0.5903490475635673,0.6964684286909043,0.7026231131229187,0.6914764227115546,0.6970052055657211
5,12,104.80370569229126,57819.05435180458,2215.438549805261,1.413193268199419,0.2742449849582353,0.625606845854661,0.7153844910557047,0.7369939608775088,0.6960304454277909,0.7159267247788635
6,13,146.01832604408264,56254.87327044531,2084.0376710167043,1.395566140180894,0.266084325881943,0.5957338564708191,0.7116870007706839,0.7331763551394584,0.692554458777547,0.7122867077931586
7,14,142.97376084327698,52476.37217654889,2113.751095114195,1.4118480862751697,0.27270706015200874,0.6202054580368874,0.7327651840952346,0.7761490211905123,0.6950256512529207,0.7333506877552564
8,15,159.08918523788452,53042.08686778967,1949.3940422490311,1.4472672951422818,0.2621773593793182,0.5721546030614519,0.69622987765278,0.7451295631138359,0.6546041845275111,0.6969395870484548
